Model,Precision,Recall,F1-score
Logistic,0.9129901960784313,0.9197530864197531,0.9163591635916359
Random Forest,0.996309963099631,1.0,0.9981515711645101
Gradient Boosting,0.9963054187192119,0.9987654320987654,0.9975339087546239
XGBoost,0.9938423645320197,0.9962962962962963,0.9950678175092479
